timestamp,open,high,low,close,volume
2025-03-05 09:15:00+05:30,22174.0,22230.0,22174.0,22222.95,120075
2025-03-05 09:16:00+05:30,22222.5,22222.5,22208.3,22217.15,59100
2025-03-05 09:17:00+05:30,22217.9,22235.5,22217.9,22232.6,69075
2025-03-05 09:18:00+05:30,22230.0,22234.65,22225.0,22229.95,33975
2025-03-05 09:19:00+05:30,22228.35,22229.95,22223.0,22227.15,28950
2025-03-05 09:20:00+05:30,22227.15,22233.0,22223.4,22229.75,36150
2025-03-05 09:21:00+05:30,22225.0,22246.0,22222.05,22246.0,42600
2025-03-05 09:22:00+05:30,22241.3,22263.4,22241.3,22259.95,69825
2025-03-05 09:23:00+05:30,22255.4,22262.0,22250.65,22262.0,27000
2025-03-05 09:24:00+05:30,22264.9,22281.2,22262.25,22280.65,83025
2025-03-05 09:25:00+05:30,22284.75,22288.75,22272.5,22280.0,44175
2025-03-05 09:26:00+05:30,22280.0,22288.0,22268.0,22288.0,78225
2025-03-05 09:27:00+05:30,22288.85,22295.0,22282.75,22295.0,45825
2025-03-05 09:28:00+05:30,22293.6,22298.85,22283.0,22283.5,30225
2025-03-05 09:29:00+05:30,22289.0,22315.0,22289.0,22311.0,82275
2025-03-05 09:30:00+05:30,22310.5,22319.0,22301.3,22305.0,81750
2025-03-05 09:31:00+05:30,22301.3,22309.95,22292.15,22309.95,37275
2025-03-05 09:32:00+05:30,22310.0,22315.3,22303.0,22305.0,28050
2025-03-05 09:33:00+05:30,22305.5,22319.85,22305.5,22317.2,38025
2025-03-05 09:34:00+05:30,22317.85,22319.9,22303.3,22307.25,46200
2025-03-05 09:35:00+05:30,22310.6,22314.35,22302.2,22302.7,19650
2025-03-05 09:36:00+05:30,22303.5,22324.45,22302.0,22324.45,57525
2025-03-05 09:37:00+05:30,22330.0,22330.0,22311.15,22311.25,44100
2025-03-05 09:38:00+05:30,22311.15,22319.4,22310.55,22317.9,18000
2025-03-05 09:39:00+05:30,22318.0,22318.6,22306.3,22310.1,18450
2025-03-05 09:40:00+05:30,22310.15,22316.0,22306.0,22312.1,16125
2025-03-05 09:41:00+05:30,22311.55,22325.95,22311.55,22325.05,15600
2025-03-05 09:42:00+05:30,22320.1,22325.0,22313.05,22319.85,15225
2025-03-05 09:43:00+05:30,22322.05,22344.0,22322.0,22344.0,45300
2025-03-05 09:44:00+05:30,22341.0,22354.0,22341.0,22344.0,69450
2025-03-05 09:45:00+05:30,22340.65,22350.0,22340.25,22343.0,33225
2025-03-05 09:46:00+05:30,22343.1,22349.0,22340.05,22340.05,29625
2025-03-05 09:47:00+05:30,22342.0,22364.9,22340.0,22360.75,59475
2025-03-05 09:48:00+05:30,22361.3,22369.75,22357.05,22369.75,44400
2025-03-05 09:49:00+05:30,22366.75,22370.0,22362.0,22369.0,41325
2025-03-05 09:50:00+05:30,22364.75,22368.35,22355.2,22358.25,37125
2025-03-05 09:51:00+05:30,22357.65,22361.4,22347.85,22350.0,27600
2025-03-05 09:52:00+05:30,22348.6,22353.0,22345.05,22347.1,12675
2025-03-05 09:53:00+05:30,22347.0,22350.25,22340.15,22340.15,22050
2025-03-05 09:54:00+05:30,22340.15,22354.0,22340.0,22350.3,16425
2025-03-05 09:55:00+05:30,22352.45,22360.0,22344.0,22344.0,20400
2025-03-05 09:56:00+05:30,22344.0,22353.7,22340.4,22345.5,17100
2025-03-05 09:57:00+05:30,22345.5,22355.0,22343.35,22350.45,13875
2025-03-05 09:58:00+05:30,22356.95,22368.0,22352.75,22362.0,19350
2025-03-05 09:59:00+05:30,22362.0,22365.0,22351.9,22351.9,12675
2025-03-05 10:00:00+05:30,22351.9,22361.2,22350.2,22361.2,15900
2025-03-05 10:01:00+05:30,22361.95,22367.2,22354.6,22356.5,18000
2025-03-05 10:02:00+05:30,22354.65,22357.75,22340.0,22343.0,24525
2025-03-05 10:03:00+05:30,22341.05,22345.0,22340.05,22342.25,10575
2025-03-05 10:04:00+05:30,22336.0,22339.0,22329.0,22330.0,29475
2025-03-05 10:05:00+05:30,22328.05,22340.0,22326.9,22331.0,24225
2025-03-05 10:06:00+05:30,22331.0,22340.0,22325.7,22326.0,13500
2025-03-05 10:07:00+05:30,22326.0,22340.0,22325.05,22332.4,20475
2025-03-05 10:08:00+05:30,22338.4,22349.9,22337.3,22343.25,12675
2025-03-05 10:09:00+05:30,22344.5,22350.0,22342.6,22348.0,7575
2025-03-05 10:10:00+05:30,22349.0,22349.0,22332.7,22336.0,8400
2025-03-05 10:11:00+05:30,22336.0,22337.55,22323.3,22323.4,11700
2025-03-05 10:12:00+05:30,22328.65,22334.8,22324.05,22332.9,7725
2025-03-05 10:13:00+05:30,22332.9,22342.65,22330.25,22330.65,6000
2025-03-05 10:14:00+05:30,22334.85,22340.0,22334.85,22338.95,3000
2025-03-05 10:15:00+05:30,22335.2,22338.0,22325.0,22325.0,11175
2025-03-05 10:16:00+05:30,22331.0,22334.4,22322.9,22322.9,11250
2025-03-05 10:17:00+05:30,22322.85,22335.0,22321.25,22333.0,9525
2025-03-05 10:18:00+05:30,22329.2,22329.5,22322.5,22324.95,7650
2025-03-05 10:19:00+05:30,22325.1,22325.1,22318.55,22319.95,18000
2025-03-05 10:20:00+05:30,22316.4,22324.0,22312.0,22319.9,16650
2025-03-05 10:21:00+05:30,22320.0,22320.1,22311.25,22318.65,7950
2025-03-05 10:22:00+05:30,22320.0,22331.75,22319.95,22331.75,51900
2025-03-05 10:23:00+05:30,22329.85,22338.45,22327.85,22334.0,22950
2025-03-05 10:24:00+05:30,22333.0,22336.0,22330.85,22335.0,7425
2025-03-05 10:25:00+05:30,22336.0,22342.1,22327.15,22330.0,9975
2025-03-05 10:26:00+05:30,22327.0,22338.25,22325.05,22334.3,6150
2025-03-05 10:27:00+05:30,22334.3,22345.8,22334.3,22342.0,8625
2025-03-05 10:28:00+05:30,22344.75,22346.0,22338.0,22345.0,6375
2025-03-05 10:29:00+05:30,22346.0,22350.0,22344.55,22350.0,8550
2025-03-05 10:30:00+05:30,22347.95,22355.0,22347.95,22352.8,14775
2025-03-05 10:31:00+05:30,22352.8,22352.8,22337.1,22337.65,10575
2025-03-05 10:32:00+05:30,22337.65,22352.0,22337.65,22351.15,7200
2025-03-05 10:33:00+05:30,22351.0,22363.0,22347.65,22362.7,22875
2025-03-05 10:34:00+05:30,22363.0,22366.9,22361.2,22366.15,14475
2025-03-05 10:35:00+05:30,22366.95,22372.7,22360.4,22360.4,27150
2025-03-05 10:36:00+05:30,22360.0,22377.0,22360.0,22376.3,39450
2025-03-05 10:37:00+05:30,22374.95,22381.8,22374.95,22377.0,25200
2025-03-05 10:38:00+05:30,22380.0,22381.5,22376.05,22378.1,15300
2025-03-05 10:39:00+05:30,22377.8,22378.1,22367.85,22373.65,12000
2025-03-05 10:40:00+05:30,22373.65,22377.5,22370.8,22371.55,5325
2025-03-05 10:41:00+05:30,22371.55,22375.0,22370.35,22375.0,5925
2025-03-05 10:42:00+05:30,22376.0,22378.95,22370.05,22374.0,6750
2025-03-05 10:43:00+05:30,22370.3,22380.0,22369.1,22377.8,11250
2025-03-05 10:44:00+05:30,22375.05,22382.55,22375.0,22382.55,11625
2025-03-05 10:45:00+05:30,22385.0,22386.45,22377.0,22385.5,22650
2025-03-05 10:46:00+05:30,22388.9,22388.9,22380.65,22382.6,31875
2025-03-05 10:47:00+05:30,22381.45,22381.5,22370.0,22372.15,17550
2025-03-05 10:48:00+05:30,22370.0,22370.25,22361.3,22363.75,10800
2025-03-05 10:49:00+05:30,22368.0,22370.0,22365.75,22366.2,6600
2025-03-05 10:50:00+05:30,22366.2,22366.95,22362.45,22365.0,3975
2025-03-05 10:51:00+05:30,22365.0,22370.6,22359.65,22368.45,10050
2025-03-05 10:52:00+05:30,22370.2,22371.75,22365.0,22369.05,12450
2025-03-05 10:53:00+05:30,22369.05,22374.9,22365.55,22370.0,6900
2025-03-05 10:54:00+05:30,22370.0,22383.0,22370.0,22383.0,6375
2025-03-05 10:55:00+05:30,22383.0,22383.0,22375.0,22375.0,10650
2025-03-05 10:56:00+05:30,22375.75,22377.0,22373.05,22375.0,4275
2025-03-05 10:57:00+05:30,22375.85,22382.0,22373.05,22382.0,8250
2025-03-05 10:58:00+05:30,22382.0,22384.1,22374.75,22380.0,17475
2025-03-05 10:59:00+05:30,22380.05,22385.0,22380.0,22381.0,9375
2025-03-05 11:00:00+05:30,22381.05,22394.95,22378.65,22390.0,35250
2025-03-05 11:01:00+05:30,22389.7,22390.75,22385.0,22385.8,12450
2025-03-05 11:02:00+05:30,22385.0,22394.1,22385.0,22385.0,23100
2025-03-05 11:03:00+05:30,22385.0,22386.25,22381.65,22383.9,10050
2025-03-05 11:04:00+05:30,22383.9,22383.9,22381.1,22383.0,5925
2025-03-05 11:05:00+05:30,22383.0,22385.0,22375.0,22375.05,10350
2025-03-05 11:06:00+05:30,22375.05,22375.35,22369.7,22375.15,10575
2025-03-05 11:07:00+05:30,22377.0,22385.1,22375.85,22380.0,24525
2025-03-05 11:08:00+05:30,22380.0,22380.0,22366.35,22366.35,6225
2025-03-05 11:09:00+05:30,22366.35,22373.0,22366.1,22371.95,11475
2025-03-05 11:10:00+05:30,22371.95,22377.0,22371.95,22373.2,5250
2025-03-05 11:11:00+05:30,22373.2,22378.55,22373.2,22376.2,2700
2025-03-05 11:12:00+05:30,22376.2,22385.0,22375.8,22381.4,8925
2025-03-05 11:13:00+05:30,22381.4,22388.8,22378.0,22382.85,9075
2025-03-05 11:14:00+05:30,22383.1,22387.15,22381.6,22383.7,3825
2025-03-05 11:15:00+05:30,22383.7,22388.35,22380.0,22380.05,8625
2025-03-05 11:16:00+05:30,22380.05,22385.25,22375.0,22380.9,12900
2025-03-05 11:17:00+05:30,22384.95,22387.0,22376.05,22383.15,10350
2025-03-05 11:18:00+05:30,22383.15,22395.5,22379.6,22390.0,19350
2025-03-05 11:19:00+05:30,22395.55,22395.55,22385.3,22390.0,16800
2025-03-05 11:20:00+05:30,22390.0,22392.55,22384.0,22385.0,7875
2025-03-05 11:21:00+05:30,22387.25,22392.0,22385.0,22389.65,6675
2025-03-05 11:22:00+05:30,22389.65,22393.0,22385.1,22385.1,5925
2025-03-05 11:23:00+05:30,22385.1,22392.9,22385.05,22389.5,7725
2025-03-05 11:24:00+05:30,22389.5,22393.35,22383.0,22383.0,4650
2025-03-05 11:25:00+05:30,22382.1,22388.4,22380.0,22385.0,5025
2025-03-05 11:26:00+05:30,22383.15,22383.15,22375.65,22380.0,4650
2025-03-05 11:27:00+05:30,22375.6,22384.25,22375.1,22381.7,4575
2025-03-05 11:28:00+05:30,22381.7,22384.35,22376.6,22383.0,5325
2025-03-05 11:29:00+05:30,22381.5,22388.0,22381.5,22388.0,9675
2025-03-05 11:30:00+05:30,22389.0,22395.0,22385.75,22393.15,10875
2025-03-05 11:31:00+05:30,22393.15,22397.0,22387.85,22391.15,12825
2025-03-05 11:32:00+05:30,22391.45,22396.75,22386.0,22386.55,6450
2025-03-05 11:33:00+05:30,22386.5,22395.0,22386.05,22394.0,5475
2025-03-05 11:34:00+05:30,22394.0,22406.65,22390.75,22404.8,44550
2025-03-05 11:35:00+05:30,22404.55,22425.0,22403.0,22425.0,56325
2025-03-05 11:36:00+05:30,22425.45,22439.6,22420.0,22432.1,68100
2025-03-05 11:37:00+05:30,22437.75,22438.6,22425.65,22437.6,62100
2025-03-05 11:38:00+05:30,22437.1,22437.1,22427.3,22428.55,23175
2025-03-05 11:39:00+05:30,22430.0,22439.9,22425.15,22437.85,30000
2025-03-05 11:40:00+05:30,22440.0,22444.0,22428.85,22430.0,37575
2025-03-05 11:41:00+05:30,22431.95,22438.95,22427.85,22435.1,16425
2025-03-05 11:42:00+05:30,22435.0,22440.0,22431.05,22440.0,13200
2025-03-05 11:43:00+05:30,22439.95,22440.15,22433.0,22440.15,15825
2025-03-05 11:44:00+05:30,22442.9,22445.0,22435.0,22441.8,13800
2025-03-05 11:45:00+05:30,22445.0,22445.8,22439.1,22442.9,26475
2025-03-05 11:46:00+05:30,22440.0,22445.0,22439.0,22443.0,12750
2025-03-05 11:47:00+05:30,22443.0,22457.35,22443.0,22453.65,61275
2025-03-05 11:48:00+05:30,22460.1,22460.1,22451.4,22459.95,24000
2025-03-05 11:49:00+05:30,22459.95,22460.0,22453.05,22460.0,12150
2025-03-05 11:50:00+05:30,22460.0,22479.0,22460.0,22475.0,43875
2025-03-05 11:51:00+05:30,22478.0,22480.0,22469.6,22476.9,46275
2025-03-05 11:52:00+05:30,22477.85,22483.0,22471.95,22477.35,41175
2025-03-05 11:53:00+05:30,22476.3,22476.3,22467.15,22473.5,31500
2025-03-05 11:54:00+05:30,22470.0,22470.0,22465.0,22470.0,17400
2025-03-05 11:55:00+05:30,22470.0,22470.0,22462.85,22463.0,16350
2025-03-05 11:56:00+05:30,22463.0,22471.5,22463.0,22463.45,16425
2025-03-05 11:57:00+05:30,22463.55,22465.55,22455.0,22458.05,19425
2025-03-05 11:58:00+05:30,22457.3,22460.0,22450.5,22453.0,25500
2025-03-05 11:59:00+05:30,22455.85,22465.0,22455.85,22462.0,15150
2025-03-05 12:00:00+05:30,22462.95,22473.5,22460.85,22473.5,15900
2025-03-05 12:01:00+05:30,22471.75,22475.0,22460.0,22460.0,13875
2025-03-05 12:02:00+05:30,22458.8,22464.95,22455.5,22460.0,14925
2025-03-05 12:03:00+05:30,22459.0,22459.0,22455.35,22457.0,7800
2025-03-05 12:04:00+05:30,22457.65,22460.0,22457.65,22458.5,13350
2025-03-05 12:05:00+05:30,22458.5,22463.1,22456.85,22458.3,9675
2025-03-05 12:06:00+05:30,22458.65,22466.0,22458.3,22463.75,8475
2025-03-05 12:07:00+05:30,22462.85,22467.7,22456.8,22467.7,11850
2025-03-05 12:08:00+05:30,22463.75,22468.7,22459.0,22464.35,6450
2025-03-05 12:09:00+05:30,22464.35,22466.7,22460.0,22465.2,9300
2025-03-05 12:10:00+05:30,22465.0,22468.0,22460.0,22465.85,20175
2025-03-05 12:11:00+05:30,22465.85,22470.0,22463.25,22470.0,9375
2025-03-05 12:12:00+05:30,22472.5,22472.65,22465.8,22465.8,11925
2025-03-05 12:13:00+05:30,22470.0,22474.0,22466.75,22470.0,4500
2025-03-05 12:14:00+05:30,22470.0,22472.85,22465.0,22468.1,4125
2025-03-05 12:15:00+05:30,22468.1,22474.9,22468.1,22468.75,10575
2025-03-05 12:16:00+05:30,22471.45,22471.45,22465.05,22470.0,10500
2025-03-05 12:17:00+05:30,22469.95,22474.95,22468.0,22472.0,9525
2025-03-05 12:18:00+05:30,22470.0,22472.0,22465.15,22465.15,5775
2025-03-05 12:19:00+05:30,22465.15,22466.0,22460.0,22460.0,7500
2025-03-05 12:20:00+05:30,22460.7,22468.7,22460.7,22468.7,6750
2025-03-05 12:21:00+05:30,22468.7,22468.7,22456.45,22457.5,8325
2025-03-05 12:22:00+05:30,22457.5,22463.0,22455.35,22458.2,8175
2025-03-05 12:23:00+05:30,22458.25,22463.0,22455.1,22462.0,8325
2025-03-05 12:24:00+05:30,22460.0,22463.0,22456.0,22456.75,7875
2025-03-05 12:25:00+05:30,22462.2,22465.0,22457.35,22465.0,6750
2025-03-05 12:26:00+05:30,22465.0,22468.0,22460.45,22466.2,3750
2025-03-05 12:27:00+05:30,22466.2,22473.95,22465.0,22469.0,11400
2025-03-05 12:28:00+05:30,22466.0,22472.0,22463.55,22465.95,8100
2025-03-05 12:29:00+05:30,22465.4,22471.0,22465.0,22467.1,5400
2025-03-05 12:30:00+05:30,22469.95,22475.0,22468.2,22473.85,20400
2025-03-05 12:31:00+05:30,22472.0,22494.0,22472.0,22494.0,75750
2025-03-05 12:32:00+05:30,22493.0,22498.0,22491.6,22497.9,37275
2025-03-05 12:33:00+05:30,22496.25,22497.25,22487.05,22490.45,17400
2025-03-05 12:34:00+05:30,22485.0,22489.0,22483.1,22485.0,16875
2025-03-05 12:35:00+05:30,22485.0,22487.0,22481.1,22481.1,8025
2025-03-05 12:36:00+05:30,22484.95,22487.0,22482.3,22484.65,8925
2025-03-05 12:37:00+05:30,22484.65,22489.9,22480.95,22488.25,13275
2025-03-05 12:38:00+05:30,22485.15,22490.0,22484.6,22485.1,7800
2025-03-05 12:39:00+05:30,22485.1,22494.0,22485.1,22494.0,9975
2025-03-05 12:40:00+05:30,22494.0,22494.05,22492.1,22493.1,6750
2025-03-05 12:41:00+05:30,22492.45,22492.45,22486.2,22489.1,10650
2025-03-05 12:42:00+05:30,22486.35,22489.1,22486.35,22489.0,5100
2025-03-05 12:43:00+05:30,22490.0,22492.0,22481.1,22481.1,9900
2025-03-05 12:44:00+05:30,22481.1,22482.1,22476.1,22476.7,10725
2025-03-05 12:45:00+05:30,22476.1,22479.9,22476.1,22476.2,9750
2025-03-05 12:46:00+05:30,22476.1,22476.1,22467.25,22475.0,35250
2025-03-05 12:47:00+05:30,22476.5,22476.5,22465.0,22466.3,18225
2025-03-05 12:48:00+05:30,22466.0,22475.0,22465.95,22475.0,10725
2025-03-05 12:49:00+05:30,22475.0,22475.0,22467.6,22472.0,4650
2025-03-05 12:50:00+05:30,22475.0,22476.0,22469.35,22469.35,6975
2025-03-05 12:51:00+05:30,22471.6,22474.45,22467.45,22470.15,14400
2025-03-05 12:52:00+05:30,22474.55,22474.55,22469.0,22470.55,5925
2025-03-05 12:53:00+05:30,22471.8,22473.05,22465.9,22466.1,4350
2025-03-05 12:54:00+05:30,22466.1,22467.1,22464.1,22466.85,14400
2025-03-05 12:55:00+05:30,22466.85,22468.0,22457.0,22457.0,16425
2025-03-05 12:56:00+05:30,22457.05,22460.0,22451.65,22451.65,15375
2025-03-05 12:57:00+05:30,22452.3,22459.0,22450.15,22450.15,10800
2025-03-05 12:58:00+05:30,22450.1,22458.85,22450.0,22454.0,12225
2025-03-05 12:59:00+05:30,22454.55,22459.0,22452.7,22455.95,4500
2025-03-05 13:00:00+05:30,22455.5,22456.0,22452.65,22455.0,6000
2025-03-05 13:01:00+05:30,22455.0,22465.0,22455.0,22461.75,10950
2025-03-05 13:02:00+05:30,22461.75,22462.55,22454.15,22458.95,5625
2025-03-05 13:03:00+05:30,22458.95,22458.95,22455.0,22455.45,2400
2025-03-05 13:04:00+05:30,22455.45,22455.5,22450.0,22450.0,4275
2025-03-05 13:05:00+05:30,22450.1,22453.15,22447.0,22447.0,16125
2025-03-05 13:06:00+05:30,22447.0,22449.0,22435.0,22440.0,25950
2025-03-05 13:07:00+05:30,22440.9,22442.9,22427.2,22430.6,20175
2025-03-05 13:08:00+05:30,22429.0,22437.6,22428.0,22430.05,17475
2025-03-05 13:09:00+05:30,22430.0,22441.2,22430.0,22435.8,12525
2025-03-05 13:10:00+05:30,22435.8,22440.0,22432.0,22433.8,10200
2025-03-05 13:11:00+05:30,22436.0,22440.85,22436.0,22439.55,11325
2025-03-05 13:12:00+05:30,22438.75,22452.55,22438.75,22450.0,24225
2025-03-05 13:13:00+05:30,22450.0,22451.7,22444.6,22444.6,7275
2025-03-05 13:14:00+05:30,22448.3,22451.0,22445.0,22447.45,8175
2025-03-05 13:15:00+05:30,22447.45,22458.7,22447.45,22456.0,17850
2025-03-05 13:16:00+05:30,22451.7,22456.9,22445.2,22449.5,10275
2025-03-05 13:17:00+05:30,22449.5,22458.5,22449.5,22452.45,7875
2025-03-05 13:18:00+05:30,22452.45,22459.15,22452.0,22452.0,8325
2025-03-05 13:19:00+05:30,22452.0,22457.7,22450.0,22450.0,5025
2025-03-05 13:20:00+05:30,22450.0,22450.0,22443.1,22443.95,5175
2025-03-05 13:21:00+05:30,22443.55,22444.7,22441.0,22441.1,4575
2025-03-05 13:22:00+05:30,22441.1,22450.0,22440.1,22440.1,7950
2025-03-05 13:23:00+05:30,22440.1,22449.95,22440.1,22448.1,3375
2025-03-05 13:24:00+05:30,22446.15,22457.2,22446.15,22450.8,4650
2025-03-05 13:25:00+05:30,22450.55,22452.0,22444.9,22452.0,3225
2025-03-05 13:26:00+05:30,22453.0,22454.75,22448.3,22454.0,10050
2025-03-05 13:27:00+05:30,22454.0,22458.95,22451.1,22458.95,3525
2025-03-05 13:28:00+05:30,22458.95,22458.95,22447.5,22450.0,3450
2025-03-05 13:29:00+05:30,22451.1,22455.0,22447.0,22450.0,3225
2025-03-05 13:30:00+05:30,22450.0,22450.0,22441.0,22443.15,5175
2025-03-05 13:31:00+05:30,22441.0,22441.0,22425.4,22429.95,21975
2025-03-05 13:32:00+05:30,22432.75,22435.0,22425.0,22425.0,14025
2025-03-05 13:33:00+05:30,22423.0,22435.0,22421.05,22435.0,13725
2025-03-05 13:34:00+05:30,22436.1,22437.85,22430.7,22437.25,6825
2025-03-05 13:35:00+05:30,22437.9,22441.6,22435.0,22439.45,4350
2025-03-05 13:36:00+05:30,22439.45,22443.6,22432.65,22443.6,5775
2025-03-05 13:37:00+05:30,22444.0,22446.45,22440.05,22440.05,3825
2025-03-05 13:38:00+05:30,22440.05,22440.05,22433.0,22435.2,3225
2025-03-05 13:39:00+05:30,22427.5,22432.9,22425.0,22427.8,8925
2025-03-05 13:40:00+05:30,22420.5,22423.05,22410.0,22411.9,34125
2025-03-05 13:41:00+05:30,22416.3,22418.6,22405.15,22410.55,19875
2025-03-05 13:42:00+05:30,22411.0,22413.6,22406.0,22410.0,20550
2025-03-05 13:43:00+05:30,22411.5,22412.0,22393.6,22396.15,39150
2025-03-05 13:44:00+05:30,22400.0,22409.85,22397.4,22405.0,23325
2025-03-05 13:45:00+05:30,22405.0,22411.95,22403.5,22409.8,16950
2025-03-05 13:46:00+05:30,22415.0,22418.3,22405.0,22405.0,11775
2025-03-05 13:47:00+05:30,22409.4,22411.05,22405.05,22411.05,6225
2025-03-05 13:48:00+05:30,22411.0,22412.0,22408.0,22408.05,3900
2025-03-05 13:49:00+05:30,22408.0,22415.0,22406.0,22406.7,8550
2025-03-05 13:50:00+05:30,22406.0,22412.95,22405.0,22410.8,10725
2025-03-05 13:51:00+05:30,22411.85,22418.0,22411.85,22417.45,30975
2025-03-05 13:52:00+05:30,22417.45,22425.1,22416.0,22425.1,20625
2025-03-05 13:53:00+05:30,22426.95,22426.95,22420.05,22422.5,15375
2025-03-05 13:54:00+05:30,22421.8,22422.25,22415.5,22415.5,5550
2025-03-05 13:55:00+05:30,22415.5,22424.25,22415.0,22422.35,3975
2025-03-05 13:56:00+05:30,22422.35,22426.0,22420.15,22422.0,3150
2025-03-05 13:57:00+05:30,22422.0,22429.95,22422.0,22429.0,5850
2025-03-05 13:58:00+05:30,22429.25,22430.1,22425.6,22430.1,3525
2025-03-05 13:59:00+05:30,22433.0,22434.0,22425.0,22429.65,4575
2025-03-05 14:00:00+05:30,22429.65,22429.9,22422.0,22425.0,4125
2025-03-05 14:01:00+05:30,22425.0,22425.5,22416.1,22425.0,4050
2025-03-05 14:02:00+05:30,22425.0,22428.0,22415.0,22415.0,2175
2025-03-05 14:03:00+05:30,22415.0,22416.05,22410.05,22410.05,4050
2025-03-05 14:04:00+05:30,22410.0,22415.0,22410.0,22415.0,5325
2025-03-05 14:05:00+05:30,22415.0,22419.4,22410.65,22418.4,1275
2025-03-05 14:06:00+05:30,22416.35,22420.0,22411.4,22420.0,3450
2025-03-05 14:07:00+05:30,22422.4,22430.0,22420.0,22429.25,9075
2025-03-05 14:08:00+05:30,22424.2,22429.0,22420.45,22421.3,2100
2025-03-05 14:09:00+05:30,22422.0,22424.05,22420.0,22424.05,2250
2025-03-05 14:10:00+05:30,22425.0,22430.05,22423.85,22429.3,2475
2025-03-05 14:11:00+05:30,22425.0,22425.0,22420.0,22424.75,4650
2025-03-05 14:12:00+05:30,22424.75,22425.9,22420.2,22425.0,3450
2025-03-05 14:13:00+05:30,22425.0,22426.9,22410.45,22410.85,36900
2025-03-05 14:14:00+05:30,22410.85,22423.7,22410.85,22423.7,3300
2025-03-05 14:15:00+05:30,22423.7,22423.7,22412.1,22412.1,13800
2025-03-05 14:16:00+05:30,22412.1,22420.0,22412.1,22417.9,9975
2025-03-05 14:17:00+05:30,22413.5,22415.7,22406.0,22408.65,6675
2025-03-05 14:18:00+05:30,22408.65,22409.45,22395.0,22395.0,15225
2025-03-05 14:19:00+05:30,22394.05,22400.9,22391.7,22399.2,12975
2025-03-05 14:20:00+05:30,22399.2,22402.6,22396.0,22396.0,9300
2025-03-05 14:21:00+05:30,22395.05,22405.0,22394.95,22400.75,10725
2025-03-05 14:22:00+05:30,22404.95,22405.0,22397.75,22403.95,11400
2025-03-05 14:23:00+05:30,22403.95,22405.0,22398.25,22405.0,5100
2025-03-05 14:24:00+05:30,22406.5,22409.9,22405.15,22405.75,11175
2025-03-05 14:25:00+05:30,22407.7,22416.65,22405.7,22416.65,6075
2025-03-05 14:26:00+05:30,22416.65,22416.95,22408.0,22408.0,4725
2025-03-05 14:27:00+05:30,22413.2,22420.2,22411.95,22419.95,7650
2025-03-05 14:28:00+05:30,22420.3,22420.6,22414.4,22417.0,4350
2025-03-05 14:29:00+05:30,22420.0,22424.0,22414.55,22424.0,4950
2025-03-05 14:30:00+05:30,22421.0,22424.5,22420.0,22420.0,6750
2025-03-05 14:31:00+05:30,22420.0,22424.0,22419.4,22424.0,2250
2025-03-05 14:32:00+05:30,22424.0,22424.0,22412.2,22412.2,5550
2025-03-05 14:33:00+05:30,22412.2,22420.0,22411.0,22414.75,3225
2025-03-05 14:34:00+05:30,22410.0,22415.15,22409.0,22413.2,8925
2025-03-05 14:35:00+05:30,22411.5,22414.9,22407.1,22412.55,10725
2025-03-05 14:36:00+05:30,22407.2,22413.95,22407.2,22413.05,1650
2025-03-05 14:37:00+05:30,22413.05,22422.0,22412.0,22421.95,5700
2025-03-05 14:38:00+05:30,22422.0,22436.75,22421.95,22432.75,17775
2025-03-05 14:39:00+05:30,22433.05,22440.0,22433.05,22440.0,16800
2025-03-05 14:40:00+05:30,22437.75,22444.0,22437.65,22444.0,13500
2025-03-05 14:41:00+05:30,22443.25,22444.0,22434.55,22435.05,16500
2025-03-05 14:42:00+05:30,22435.05,22440.35,22435.05,22440.25,5775
2025-03-05 14:43:00+05:30,22440.25,22444.0,22438.05,22438.05,12675
2025-03-05 14:44:00+05:30,22438.75,22445.0,22438.75,22439.0,7650
2025-03-05 14:45:00+05:30,22440.0,22443.25,22433.65,22436.8,8325
2025-03-05 14:46:00+05:30,22436.8,22449.65,22433.65,22433.65,11625
2025-03-05 14:47:00+05:30,22438.1,22442.3,22431.2,22432.5,7125
2025-03-05 14:48:00+05:30,22431.55,22436.45,22431.15,22436.45,6075
2025-03-05 14:49:00+05:30,22436.45,22439.9,22432.1,22435.0,6150
2025-03-05 14:50:00+05:30,22435.0,22438.7,22432.1,22438.7,2925
2025-03-05 14:51:00+05:30,22438.0,22449.9,22438.0,22446.25,8775
2025-03-05 14:52:00+05:30,22449.95,22455.0,22444.1,22452.85,24300
2025-03-05 14:53:00+05:30,22452.95,22453.6,22443.0,22443.0,17625
2025-03-05 14:54:00+05:30,22443.0,22452.0,22443.0,22445.65,8925
2025-03-05 14:55:00+05:30,22445.0,22450.0,22444.15,22446.1,18000
2025-03-05 14:56:00+05:30,22446.1,22448.3,22440.0,22441.95,6075
2025-03-05 14:57:00+05:30,22444.0,22449.0,22444.0,22447.45,7275
2025-03-05 14:58:00+05:30,22447.45,22447.45,22440.0,22444.0,3750
2025-03-05 14:59:00+05:30,22444.0,22448.5,22440.0,22443.1,11700
2025-03-05 15:00:00+05:30,22443.1,22446.5,22436.0,22444.95,6075
2025-03-05 15:01:00+05:30,22444.95,22445.0,22435.05,22445.0,7800
2025-03-05 15:02:00+05:30,22443.75,22445.0,22438.3,22439.3,8175
2025-03-05 15:03:00+05:30,22439.1,22442.8,22435.0,22435.0,3150
2025-03-05 15:04:00+05:30,22435.05,22440.0,22435.05,22435.65,4950
2025-03-05 15:05:00+05:30,22439.95,22440.0,22435.65,22439.0,4050
2025-03-05 15:06:00+05:30,22439.0,22440.0,22435.7,22440.0,6675
2025-03-05 15:07:00+05:30,22440.0,22445.0,22437.45,22443.8,6450
2025-03-05 15:08:00+05:30,22440.05,22444.45,22439.0,22439.0,7050
2025-03-05 15:09:00+05:30,22439.05,22443.0,22437.2,22437.2,5475
2025-03-05 15:10:00+05:30,22441.45,22441.85,22435.0,22435.1,8025
2025-03-05 15:11:00+05:30,22435.0,22436.7,22432.15,22433.0,15075
2025-03-05 15:12:00+05:30,22433.0,22440.0,22432.1,22435.05,18975
2025-03-05 15:13:00+05:30,22435.05,22442.85,22435.0,22441.0,13500
2025-03-05 15:14:00+05:30,22441.0,22443.45,22435.6,22438.15,12900
2025-03-05 15:15:00+05:30,22439.55,22439.55,22436.1,22436.85,16275
2025-03-05 15:16:00+05:30,22436.25,22445.0,22435.0,22437.5,47925
2025-03-05 15:17:00+05:30,22438.3,22447.45,22437.45,22440.0,15750
2025-03-05 15:18:00+05:30,22440.1,22445.0,22438.95,22440.3,26100
2025-03-05 15:19:00+05:30,22441.6,22444.0,22438.95,22440.0,14025
2025-03-05 15:20:00+05:30,22439.3,22445.0,22437.05,22438.9,14325
2025-03-05 15:21:00+05:30,22439.0,22440.0,22437.1,22437.15,11100
2025-03-05 15:22:00+05:30,22439.0,22445.0,22437.0,22437.2,34575
2025-03-05 15:23:00+05:30,22437.2,22443.4,22437.0,22441.05,22575
2025-03-05 15:24:00+05:30,22441.05,22445.0,22439.1,22444.45,23400
2025-03-05 15:25:00+05:30,22441.5,22445.75,22440.5,22445.0,28275
2025-03-05 15:26:00+05:30,22444.0,22445.0,22441.1,22442.05,14100
2025-03-05 15:27:00+05:30,22442.0,22446.0,22442.0,22446.0,29400
2025-03-05 15:28:00+05:30,22443.05,22450.0,22443.0,22447.95,49725
2025-03-05 15:29:00+05:30,22445.0,22449.0,22445.0,22446.0,52500
